"","CountryName","ISO2","Year","scale20","S_GDPpercapitaUS","S_RealGDPgrowth","S_NetGGdebtGDP","S_GGbalanceGDP","S_NarrownetextdebtCARs","S_CurrentaccountbalanceGDP","ln_S_GDPpercapitaUS","ln_S_GDPpercapitaUS_Z","S_RealGDPgrowth_Z"
"1","Albania","AL",2015,6,4600.35663766118,0.0399649740082317,70.8754439570435,-5.32477270020069,25.3751221492433,-11.0669737359886,8.43388910939824,-0.987158811984567,0.534666766237796
"2","Albania","AL",2016,7,3942.55678831605,-0.142988881331505,71.0732356445676,-4.23101487437263,21.8237399755953,-8.8888780729701,8.27958472287196,-1.01989545446932,-0.31928168733555
"3","Albania","AL",2017,7,4100.87917086888,0.0401572865157009,71.5808104705414,-2.10742530623396,16.016492384273,-8.00985144678035,8.3189566616244,-0.981191914183152,0.502610719792781
"4","Albania","AL",2018,7,4513.19111878395,0.100542330250544,68.1031712757598,-2.21623017070919,15.213211054804,-7.86096737644171,8.41475974743109,-0.97752204542097,0.322834891216759
"5","Albania","AL",2019,7,5258.10379885922,0.165052323393736,63.7172022999633,-1.77768135765895,9.4022909778385,-7.00441205948586,8.56752574622453,-0.89253140402738,1.61248575481225
"6","Albania","AL",2020,7,5406.49636242637,0.0282216877497448,64.276643848184,-2.76894226748289,14.9324611147315,-7.29474876900474,8.59535653957049,-0.887928373938939,0.60986932316933
"7","Australia","AU",2015,20,60920.8667527771,-0.106796110829545,19.7544206799852,-4.43445494410318,289.936340579662,-4.76350398229465,11.0173310346291,1.49257122356399,-1.90684030749516
"8","Australia","AU",2016,20,55698.0239957284,-0.0857315897727364,18.0862233469058,-3.08144173254835,281.388869282584,-4.78252071988199,10.9276999494464,1.53519216113837,0.295456512887135
"9","Australia","AU",2017,20,50436.1866356074,-0.0944708085249949,16.3354439570435,-2.52477270020069,320.005122149243,-4.91697373598863,10.8284641852305,1.44305681227099,-1.24272760828014
"10","Australia","AU",2018,20,54289.6258558703,0.0764022714108683,16.5454439570435,-2.25477270020069,271.955122149243,-2.42697373598863,10.9020884352911,1.45150157770745,-0.193255806426031
"11","Australia","AU",2019,20,56371.5024625102,0.0383475953981873,21.531373599417,-1.92474376871953,270.129659160725,-3.82427963108024,10.9397190343041,1.40799774254872,-0.68694372547685
"12","Australia","AU",2020,20,53423.9177571532,-0.0522885602936924,24.0214767663091,-1.71346232921203,268.126381132782,-2.3220857682598,10.8860138227459,1.38467597885374,-1.35859614639494
"13","Austria","AT",2015,19,52016.256769633,0.0247981691407382,79.0438675203149,-2.88654006016501,110.531916872282,2.21062467495771,10.8593115788902,1.34089543524069,0.282352868375538
"14","Austria","AT",2016,19,44342.9797676953,-0.147516901031935,79.826769340243,-1.23897279903857,122.308078593072,1.37553298604512,10.6997096836118,1.31521113506095,-0.367896398325826
"15","Austria","AT",2017,19,45262.9485491389,0.0207466612812914,76.5950835205121,-1.79270592379803,113.310317500275,2.3455216323466,10.7202440639754,1.33851339542061,0.250968533344006
"16","Austria","AT",2018,19,47524.9015151385,0.0499736106131923,72.8624812275213,-0.968108269112256,124.403924705268,1.19663540363815,10.7690090950796,1.32154172853202,-0.758274561327305
"17","Austria","AT",2019,19,51480.9571623248,0.0832417431928008,69.8761628184269,-0.0187490493866894,102.611341231218,1.9886139691396,10.848967254434,1.31998758092153,0.127792461281839
"18","Austria","AT",2020,19,50044.8774373727,-0.0278953578975617,67.6985331219389,-0.281201801190543,117.589812930289,1.49007431346359,10.8206754306017,1.31985252600376,-0.762185406448279
"19","Azerbaijan","AZ",2015,11,7847.00067426204,0.00462453447055755,-36.8477075281329,2.3015974015038,-78.817455196989,12.8718759427428,8.96788665805356,-0.474598515049862,-0.0532542975471842
"20","Azerbaijan","AZ",2016,10,5461.57837611733,-0.303991601016275,-58.7387704418918,-5.45831082264981,-75.8823141174324,-1.18512483861235,8.60549310683838,-0.705436148719043,-2.04787414142301
"21","Azerbaijan","AZ",2017,10,3827.28067710378,-0.299235419958467,-37.1031930756039,-2.11575478276857,-51.2236832958557,-4.73920298958218,8.24990982402295,-1.04789293282782,-3.89732599994396
"22","Azerbaijan","AZ",2018,10,4110.49885291922,0.0739998447225862,-27.192700549966,-2.16815459494488,-57.6743969338468,3.33288982528857,8.32129967553102,-1.06879133506997,-0.244617324383614
"23","Azerbaijan","AZ",2019,10,4707.34232764826,0.145199766764361,-31.1169478682599,5.55135962999155,-59.8251200880116,12.3883003518504,8.45687876610915,-0.999835730371775,1.25220279856537
"24","Azerbaijan","AZ",2020,10,4628.56588871449,-0.0167348013912402,-36.6544441374439,4.70839609020194,-69.5752188740208,7.52748125837674,8.44000235584172,-1.04205819368968,-0.489311199279499
"25","Belarus","BY",2015,5,8275.15390031491,0.0468478615108197,19.8623270054144,0.779868168784131,73.1744236475593,-7.02377422905818,9.02101279829769,-0.423605115759747,0.649169998098284
"26","Belarus","BY",2016,5,5899.58181442726,-0.287072858644629,31.7317813980059,1.03966631061745,92.8945984410416,-3.74371970686003,8.68263674847115,-0.63100254349646,-1.86622745586678
"27","Belarus","BY",2017,6,4975.20248521774,-0.156685568280276,35.0322474036783,1.07601360010135,95.7350393750202,-3.95866158242004,8.51222134931073,-0.794493261724491,-2.04928885940619
"28","Belarus","BY",2018,6,5711.55139499518,0.148003807275235,32.8705866727071,2.52676863117783,79.0811386308693,-2.32939891796091,8.65024596364445,-0.747555823065579,1.33751455506959
"29","Belarus","BY",2019,6,6249.43341037676,0.094174415703044,29.0487416066104,3.68637826279538,65.2923627782202,-0.567638002392606,8.74024608428138,-0.725028960654424,0.326197918332209
"30","Belarus","BY",2020,6,6278.99168912734,0.0047297533727626,28.2846552531664,1.14523238568458,65.7325112068336,-2.78900222453763,8.7449646875151,-0.739499304811296,0.0354944732817721
"31","Bolivia","BO",2015,9,3065.57714959042,0.0333606407949223,12.9097055501876,-3.40603172493768,-51.6017654309649,0.611546103902491,8.02799113393562,-1.37676207393251,0.424797543920396
"32","Bolivia","BO",2016,9,3020.49635646012,-0.0147054831539066,18.3697197383655,-5.34392853740224,-55.3746542965038,-6.96514669128683,8.01317645330762,-1.27694486962632,1.05802246323197
"33","Bolivia","BO",2017,9,3112.75137756268,0.0305430002937255,17.1977484837352,-3.17023396770746,-43.4729001421747,-6.02115452076658,8.0432623013873,-1.24751974759605,0.377969706078632
"34","Bolivia","BO",2018,8,3388.73614079833,0.088662642710563,21.4354105164098,-5.21593797707177,-25.0934422333013,-5.28869761192163,8.12821231103641,-1.25735257025137,0.0688588644387893
"35","Bolivia","BO",2019,8,3524.54826550135,0.0400775153509063,29.4577272169559,-6.88119255014694,9.2145822622244,-6.06388751102713,8.16750755540342,-1.28046501456786,-0.655549246354002
"36","Bolivia","BO",2020,8,3767.02066299764,0.0687953119750511,30.8209724569394,-5.49136253675059,12.8895847874602,-5.93959601195893,8.23403969294316,-1.2463976414342,1.60188934799277
"37","Bosnia and Herzegovina","BA",2015,6,5216.62191566452,0.0359735094196028,35.3854439570435,-2.18477270020069,42.4951221492433,-7.50697373598863,8.55960532879653,-0.866489451410615,0.46826504238529
"38","Bosnia and Herzegovina","BA",2016,6,4571.64740438307,-0.123638347135091,35.4714144644401,0.446267923122717,40.9600489673502,-5.40493079162634,8.42762890128963,-0.877052030194643,-0.111526268917944
"39","Bosnia and Herzegovina","BA",2017,6,4786.22585065355,0.046936788271281,33.7575097273676,0.976846664777836,35.0550974200696,-5.10754445165797,8.47349745721148,-0.831901536145618,0.590501172789793
"40","Bosnia and Herzegovina","BA",2018,6,5126.32868907134,0.0710586689868282,27.9470277881052,2.31690590650835,27.9467892607076,-4.73496535292336,8.54214502680964,-0.85312278353029,-0.307496766701401
"41","Bosnia and Herzegovina","BA",2019,6,5645.47669921009,0.101270917576063,24.6654495687911,2.00927815140486,20.9567436868251,-4.12669528353007,8.6386099192912,-0.823594689290899,0.454984790549959
"42","Bosnia and Herzegovina","BA",2020,6,5593.06776570834,-0.00928334953699883,24.2153249201603,0.660630026290591,25.5425459767026,-5.27061386382401,8.62928321091274,-0.854269082549316,-0.307124135773235
"43","Bulgaria","BG",2015,10,7872.31832303073,0.0307175515141442,18.0854439570435,-5.58477270020069,-1.30487785075669,0.98302626401137,8.97110787529139,-0.471506613096245,0.380827296748536
"44","Bulgaria","BG",2016,10,7012.79703419211,-0.109182740530711,18.994085184412,-1.9161421724544,-13.4822420947442,-0.205117658166804,8.85549190675094,-0.464219742739737,0.0436751621169661
"45","Bulgaria","BG",2017,11,7446.99723994301,0.061915410304032,18.9533021775875,-0.337570578035419,-17.6707538991081,2.59557319459589,8.91556617508388,-0.404851799802377,0.784686221070951
"46","Bulgaria","BG",2018,11,8241.15323513972,0.106641102394551,16.2435683055147,0.757084022334688,-25.0454338669862,3.00514036900255,9.01689556883147,-0.389500791273132,0.453220636813694
"47","Bulgaria","BG",2019,12,9360.78453542231,0.135858570801543,13.5738694933421,1.52766850233225,-29.5403950275115,5.01401926538334,9.14428438384611,-0.333196689164344,1.08267935837602
"48","Bulgaria","BG",2020,12,9548.96501715312,0.0201030673250429,13.5602764177814,-0.357863429762539,-31.0047258900997,4.25846900240872,9.16418805243455,-0.32357988687567,0.411370071770891
"49","Chile","CL",2015,17,14556.4854151183,-0.0729300282706451,2.00868508297021,-1.7850395141275,25.6756485763211,-2.08693208099644,9.58579190628802,0.118501019414471,-1.34344654259779
"50","Chile","CL",2016,17,13450.5993260993,-0.0759720535199022,4.32395960617447,-2.43463283576901,34.3401408690222,-2.82884179869697,9.50677894359852,0.164187746993155,0.400238970941711
"51","Chile","CL",2017,16,13652.2013837391,0.0149883326944884,8.44558645507576,-2.94442955181182,29.4952147042911,-2.01618511304043,9.52165606114393,0.180646598021277,0.176316718764387
"52","Chile","CL",2018,16,14959.8384094102,0.095782137174494,11.9221997094099,-2.85412960378333,37.9477794947227,-2.52368787688518,9.61312444996012,0.192751986223248,0.221066648568757
"53","Chile","CL",2019,16,15757.2081453453,0.0533006917663941,14.8631595254912,-1.88372300943397,48.9099837025889,-3.65996896104101,9.6650531995813,0.171839660633531,-0.415575867665999
"54","Chile","CL",2020,16,14890.5419663066,-0.0550012521916626,17.3681646548664,-4.30170649864159,51.0251019789868,-3.93434504661559,9.60848152302148,0.117212056375448,-1.42492112315865
"55","China","CN",2015,17,7608.7076739253,0.0759026113287324,12.7592827182878,-0.79938069409928,-96.2483988191108,1.91780296388564,8.93704861697686,-0.50419856757999,1.13252277028845
"56","China","CN",2016,17,7965.81955425103,0.0469346301145912,63.345642151781,-2.60230589423776,-97.3997922636564,2.31418775383946,8.98291511149545,-0.34127288260446,1.71981646816331
"57","China","CN",2017,16,8041.06875538429,0.00944651088576265,59.2580890671633,-2.97060076251211,-95.4199012203884,1.51516473970182,8.9923172831128,-0.330708258034602,0.104471729743369
"58","China","CN",2018,16,8658.99996889046,0.0768469008665558,52.6855257438462,-2.79120021063966,-77.7639483411075,1.04624657428221,9.06635451785506,-0.34120120137986,-0.183750066299121
"59","China","CN",2019,16,9652.01618446163,0.114680242422775,54.6771425198416,-3.30067583747185,-64.3319736437381,-0.272550639161747,9.17492210354228,-0.303484537334292,0.698336379327182
"60","China","CN",2020,16,9946.07963710154,0.0304665312428005,54.0644707613085,-3.27247874841387,-65.3678835927516,-0.149137815282841,9.2049337461903,-0.283155314563173,0.66475546509591
"61","Colombia","CO",2015,12,8028.70160404868,-0.0398070095901156,37.2661504573818,-2.9882789497771,91.3794431075727,-6.86799265832025,8.99077810072244,-0.452626045923048,-0.792414336060937
"62","Colombia","CO",2016,12,6029.21502004987,-0.249042333693223,47.1647236688106,-5.46263429902218,138.095262709658,-9.05892578326478,8.70437210215099,-0.61003074723514,-1.4579158535243
"63","Colombia","CO",2017,11,5950.37949067091,-0.0130755876373284,36.2777649847344,-3.1066481956026,128.114869021005,-4.71110305980352,8.69121027645051,-0.621585360637793,-0.187508051810421
"64","Colombia","CO",2018,11,6520.21542475703,0.0957646373612839,37.3533589017044,-2.50962921220314,119.944745548851,-3.58355847375898,8.78266269498178,-0.618243050658104,0.220692519786876
"65","Colombia","CO",2019,11,6670.1625525074,0.0229972658849622,48.1288885392853,-3.48972081717587,139.599456700525,-5.68077517016001,8.80539950930347,-0.661843825608391,-0.965520545562851
"66","Colombia","CO",2020,11,6412.41512437615,-0.0386418510946734,45.4866853016119,-2.90009369880025,126.371151021211,-5.25946769628167,8.76599125342669,-0.718638451655332,-1.02493581762586
"67","Croatia","HR",2015,9,13648.4556750562,-0.000292352266767049,75.2054439570435,-5.50477270020069,100.915122149243,-0.13697373598863,9.52138165685407,0.0566765098101931,-0.13505127910528
"68","Croatia","HR",2016,9,11744.4102786621,-0.139506288603325,77.1044366836358,-3.5464855315503,93.7773843608726,2.89870649010305,9.37113268541626,0.0333067071853229,-0.28189111702482
"69","Croatia","HR",2017,9,12301.099574673,0.0474003617722973,75.8630740579761,-1.37823358055769,75.0505224583396,1.82613186085919,9.41744393367978,0.0799750061214388,0.596511007504889
"70","Croatia","HR",2018,10,13378.4027038508,0.0875777911265683,72.6757293636041,0.59148731793219,61.0458611037478,3.50181121372091,9.50139694717259,0.0836434695448377,0.0456658053604692
"71","Croatia","HR",2019,11,14865.3898282078,0.11114833043028,69.840352467913,0.0546183132531119,42.6655518298767,1.38586881735537,9.60679095965664,0.115337527453656,0.634239461352543
"72","Croatia","HR",2020,11,14706.0452325172,-0.0107191669732221,67.2926803537652,-0.38202154511918,37.0537320515715,0.359063260061855,9.596013928538,0.104842720421039,-0.342229692053211
"73","Czech Republic","CZ",2015,17,19758.7098052445,-0.00442804778824613,34.8826800781839,-2.26465588771896,6.70578118086797,0.00965415106987794,9.89134967591331,0.411792218080505,-0.203852418601203
"74","Czech Republic","CZ",2016,17,17623.1642605334,-0.108081224217598,34.2054959429718,-0.912277177918993,5.76971454607826,-0.305777218091521,9.77696946682519,0.424886546208194,0.0555015013901693
"75","Czech Republic","CZ",2017,17,18369.2628581938,0.0423362448780691,29.4573730783898,0.407548715729568,-1.08509635643355,1.18184431983871,9.81843404992412,0.467341758156175,0.530859054911588
"76","Czech Republic","CZ",2018,17,20341.8180371866,0.107383469561104,25.0335063844196,1.33168501893369,-4.90269195150168,1.10637175053076,9.92043404796741,0.492857990233525,0.469091716144432
"77","Czech Republic","CZ",2019,17,23003.7505403489,0.13086010789675,23.2175793546377,0.8348445063741,-3.2712692531304,-0.0600389494986107,10.043412548589,0.538768744635984,0.991967566154538
"78","Czech Republic","CZ",2020,17,23123.6624390885,0.00521271079380248,22.5011552391647,-0.14268011769986,-1.76603723040375,-0.323780694794576,10.048611720236,0.553873537484712,0.0473027216686593
"79","Denmark","DK",2015,20,62785.5978709787,0.0251651794236087,26.2654439570435,0.985227299799313,55.9351221492433,8.62302626401137,11.0474809928907,1.52151081626073,0.288458425599728
"80","Denmark","DK",2016,20,53210.7002712842,-0.152501495954064,24.6108377486577,-1.60374079309433,58.3934368905897,7.82929807359553,10.8820147880241,1.49111190775826,-0.421413091621093
"81","Denmark","DK",2017,20,54612.2947258036,0.0263404624891916,21.477329325465,-0.3311277015224,56.1811143127738,7.36498236235002,10.9080143145125,1.51990428046422,0.323487390903549
"82","Denmark","DK",2018,20,57305.4963639521,0.0493149326844904,18.1554439570435,1.29522729979931,50.9951221492433,7.54302626401137,10.9561518206846,1.50429767213118,-0.77235644712565
"83","Denmark","DK",2019,20,61362.4285855606,0.0707948186303551,17.1644326953734,0.339717281399947,50.2243668074053,6.63952176072685,11.0245530145532,1.49026888173621,-0.0980935473194154
"84","Denmark","DK",2020,20,59249.4654541687,-0.0344341509959263,16.5327268683198,1.42627222503599,52.3971739779788,6.83851913449057,10.9895120370861,1.48735851200411,-0.922058077810706
"85","Ecuador","EC",2015,6,6231.68669912469,0.020698171229772,29.5209939357802,-6.40126400191745,56.5486124242016,-1.7417654092995,8.73740231336078,-0.695830100198555,0.214145591814595
"86","Ecuador","EC",2016,6,5847.40744792669,-0.0616653676206114,42.3986010288398,-7.06591148571068,117.444980287048,-5.03812422521337,8.6737536707019,-0.639573561014476,0.55384152707824
"87","Ecuador","EC",2017,5,5969.14153998676,0.0208184726554728,40.0018889786401,-6.31281518147742,106.185938231041,0.560981303784894,8.69435840039995,-0.618544192040624,0.251899506509097
"88","Ecuador","EC",2018,5,6197.40051258491,0.0382398324899933,44.77242199705,-5.18203885366073,122.484838874439,-0.81560585506148,8.73188521095031,-0.667830267995904,-1.00913118838881
"89","Ecuador","EC",2019,5,6207.45519650863,0.0016224034421044,51.7985042091392,-3.30837055138638,146.067100334869,-2.94603886370468,8.73350629971771,-0.731565135808559,-1.3534302125167
"90","Ecuador","EC",2020,5,6191.45132367277,-0.00257816968938573,50.0120369003561,-2.31771486038018,124.67899270375,-0.808688716825613,8.73092480082546,-0.753428541558305,-0.143183329254747
"91","Estonia","EE",2015,17,20329.5475396427,0.0641717337382361,-4.24208597408573,0.450724409229428,31.1432013376125,0.329830438270715,9.91983065057752,0.439129828276728,0.937368716678457
"92","Estonia","EE",2016,17,17377.9310059303,-0.145188501020827,-1.52834333743066,-0.239305878788323,35.1060726874251,1.22193870665018,9.76295634719506,0.411365703888474,-0.342897723165678
"93","Estonia","EE",2017,17,18106.67402843,0.0419349704087906,-1.56909230730855,-0.889516322620043,31.982635269919,1.13349704467242,9.80403588014189,0.453432756318365,0.525656873961934
"94","Estonia","EE",2018,17,20237.0310017845,0.117655896936652,-1.65881624468118,-1.07731875183858,30.6664133051961,2.21808094995845,9.91526942300627,0.487814428400936,0.688706102585689
"95","Estonia","EE",2019,17,23047.3753344644,0.138871375570462,-1.71281597191563,-0.895840807717512,23.6509131659978,1.49361845008488,10.0453071735883,0.540606132868522,1.13735555091915
"96","Estonia","EE",2020,17,23147.8120152459,0.00435783594981753,-1.45867346510737,-0.405385010181073,19.1231327271554,0.690434844178387,10.0496555416674,0.554909132440832,0.026401138925111
"97","Finland","FI",2015,19,50405.6289102187,0.0103014442076463,22.4146463335708,-3.15089049034138,199.058148115102,-1.59526759294376,10.8278581325497,1.31070468279909,0.0411863731208356
"98","Finland","FI",2016,19,42876.7620420346,-0.149365597274748,24.191014945189,-2.58013112080148,212.586559609935,-1.19424104870633,10.6660852808141,1.28276794893806,-0.387744773443226
"99","Finland","FI",2017,19,43701.4188460042,0.0192331875051832,25.2610789982261,-1.97190089512763,226.820882541806,-2.40087390243369,10.6851358484286,1.30459795742058,0.231347637800795
"100","Finland","FI",2018,19,46284.5930589337,0.0591096188897708,22.2985468632568,-0.872462850438743,249.181988848967,-1.05410669196358,10.7425644213904,1.29571694011113,-0.562955696678133
"101","Finland","FI",2019,19,50137.1675646669,0.0832366507106959,21.1746810040772,-1.01990081672039,210.549036086376,-1.67391551822332,10.8225178795835,1.29433724371753,0.127700043235054
"102","Finland","FI",2020,19,48730.1556498013,-0.0280632509415455,21.5470574834921,-1.01284761841755,208.295754916926,-1.76379022815298,10.7940533299593,1.29344023716211,-0.766290370321746
"103","Georgia","GE",2015,8,4411.31999213034,0.0277337553519676,33.1544577211371,-3.06141516358703,77.2337577802985,-11.2910645420138,8.3919292415976,-1.0274342071683,0.33118907388732
"104","Georgia","GE",2016,8,3737.28550385286,-0.152796552841313,38.5069239133948,-2.78255762985423,99.474531501047,-13.076119290301,8.22611482577858,-1.07148696774643,-0.4245809456165
"105","Georgia","GE",2017,8,3809.57905057592,0.019343865125778,42.6834459451206,-3.34932572268724,113.447446509031,-13.8416370805095,8.24527397660364,-1.05237128051022,0.232782478672796
"106","Georgia","GE",2018,8,3989.93089751805,0.0473416733313019,43.0998815067187,-3.83154823415505,101.082610546582,-9.50486338041135,8.29152919081615,-1.09786397472444,-0.814542789875711
"107","Georgia","GE",2019,9,4304.07562412761,0.0787343777820755,42.3501608079189,-2.76651159597628,89.9204739793171,-7.96476370874487,8.36731767234888,-1.086691176608,0.0459930756723204
"108","Georgia","GE",2020,9,4307.23396251261,0.000733801787145882,43.6879701830617,-2.81452598633474,91.1307375201291,-6.91067218203304,8.36805120503513,-1.11344228929949,-0.062206041938269
"109","Guatemala","GT",2015,9,4166.06133839992,0.0330362994022282,21.7843696460552,-2.44828101003258,46.5371792755573,-2.83283227376803,8.33472634528428,-1.08234070176497,0.419401823348813
"110","Guatemala","GT",2016,9,4456.97054654272,0.0698283545327074,20.5353701519972,-1.87178300772599,46.2451589364037,-0.749300733416437,8.40222456456545,-0.901563919063863,1.96561305689545
"111","Guatemala","GT",2017,8,4880.58218648532,0.0950447474397609,17.9054439570435,-1.22477270020069,36.9051221492433,1.23302626401137,8.49301979224074,-0.813042459061011,1.21417979645845
"112","Guatemala","GT",2018,8,5305.82148383363,0.0871288057653923,17.1054439570435,-1.46477270020069,28.7551221492433,1.31302626401137,8.57655988992395,-0.819514633590401,0.0360669402616041
"113","Guatemala","GT",2019,8,5287.54597783751,-0.0034444253452196,16.8554439570435,-1.91477270020069,21.7551221492433,0.59302626401137,8.57310951888883,-0.887116317564303,-1.44538270449916
"114","Guatemala","GT",2020,8,5494.49751583865,0.0391394304406179,16.8554439570435,-2.79477270020069,20.7551221492433,0.21302626401137,8.61150241876906,-0.871909742249318,0.876806762996573
"115","Hungary","HU",2015,10,14266.1040091471,0.0461164061365433,73.5254439570435,-2.90477270020069,44.8251221492433,0.93302626401137,9.56564165351287,0.0991596955231032,0.637001557994494
"116","Hungary","HU",2016,11,12590.1592281143,-0.117477398171093,74.4649174635162,-2.20463989704122,42.131100592361,1.99832303113481,9.4406707741478,0.100401940635874,-0.0453797472316266
"117","Hungary","HU",2017,11,12896.4838736489,0.0243304822428729,72.4680926880597,-2.05492291041176,36.3936537137545,4.08321069482562,9.46470998526218,0.125635226015298,0.29742971281259
"118","Hungary","HU",2018,11,14394.3737420399,0.116147151662917,71.0008587445614,-2.60979696881203,33.4115808789831,1.90448266125816,9.57459269685779,0.155123449639836,0.65645061364682
"119","Hungary","HU",2019,12,16072.1125610359,0.116555179757211,67.4599096301604,-2.5516412535415,26.0597256659074,-0.935658545930862,9.68484091001902,0.191029582818515,0.732362624824878
"120","Hungary","HU",2020,12,16383.2307081021,0.0193576386355381,65.8081453043601,-2.28172730177873,26.021187923775,-1.50658955240371,9.70401357288568,0.211991207297411,0.393144433781041
"121","India","IN",2015,11,1573.56514739588,0.0784091367681077,67.3160218730395,-7.38606383240853,18.4685379275333,-1.60886360821673,7.36109911850463,-2.01688180915123,1.17422115101036
"122","India","IN",2016,11,1590.63534473446,0.0108481033447114,70.7086033333479,-7.80525286097669,23.1196101009449,-1.67633314455595,7.37188880328361,-1.8957042484386,1.33237644236268
"123","India","IN",2017,11,1733.07055213449,0.0895461099060419,68.2854439570435,-7.53477270020069,12.4751221492433,-0.88697373598863,7.45764999987049,-1.81323627276827,1.14289465469901
"124","India","IN",2018,11,1995.93199655031,0.15167382775737,68.7154439570435,-7.55477270020069,11.3151221492433,-2.08697373598863,7.59886638642644,-1.77429018366771,1.41597598068447
"125","India","IN",2019,11,1985.82958307582,-0.00506150184071519,70.6984793355503,-7.02898534415704,19.4970672850931,-2.81003257439088,7.59379203179734,-1.83684854812364,-1.47472930761689
"126","India","IN",2020,11,2125.15160539025,0.070158095891909,71.7785778583878,-7.67527429233845,15.7193653610797,-2.49260093352546,7.66159842252673,-1.81432743714032,1.63520924388186
"127","Indonesia","ID",2015,10,3480.10775435779,-0.0441627303894745,23.8874410516488,-2.37709170315639,84.5972943755877,-3.44206744201186,8.15481853618506,-1.25502613877676,-0.864875800587418
"128","Indonesia","ID",2016,10,3255.16953422284,-0.0646354182146454,31.7093325144008,-3.85044553744786,126.001118419847,-3.51579094001514,8.08799963753298,-1.20475020473561,0.521953823223565
"129","Indonesia","ID",2017,11,3505.33875468009,0.0768529005408538,30.5255462810429,-3.34813766004574,114.296074592014,-2.87727746457418,8.16204244377996,-1.13277507908449,0.978338030729694
"130","Indonesia","ID",2018,11,3821.44231788752,0.0901777503773036,27.7832334495526,-2.81946725691871,98.5462272149518,-2.05665541030067,8.24838320046658,-1.13999858697489,0.101250375077815
"131","Indonesia","ID",2019,12,3858.51443477012,0.00970107980148582,29.7860593232844,-2.21157098583889,106.44715262595,-3.62041895166801,8.25803752692218,-1.19266996044468,-1.20681889913991
"132","Indonesia","ID",2020,12,4102.7016581738,0.0632852947764677,30.3867258912658,-2.65872310078082,111.94534685146,-3.55332544191281,8.31940097670409,-1.16170909965193,1.46717011838284
"133","Ireland","IE",2015,16,55687.8320824113,0.0793951931180645,95.5665265167112,-3.84847692062237,336.285132717117,0.7648532155278,10.9275169475159,1.40636270954442,1.1906251150188
"134","Ireland","IE",2016,16,62083.9284994248,0.114856265324679,69.978702770475,-2.19943327395914,261.825823797149,4.01963216709529,11.0362424340957,1.63992157604884,2.44905151663526
"135","Ireland","IE",2017,16,63453.0034097676,0.0220520019179431,66.6522691663376,-0.903905536544792,230.702853632511,-4.52515438805725,11.0580548070856,1.66484725019647,0.267891160405249
"136","Ireland","IE",2018,16,70154.7649421366,0.10561771976482,59.5411948458528,-0.465979539120354,216.653411813764,0.231385844634777,11.1584590082721,1.7018626100411,0.431341723475445
"137","Ireland","IE",2019,17,78977.7575781889,0.125764695289471,54.5065824044502,-0.172879871089362,200.578539117875,10.2333170098688,11.2769215421634,1.73501333673627,0.899496336794991
"138","Ireland","IE",2020,17,79532.249110013,0.00702085686941811,50.843683110583,-0.0940548239796266,233.178806411912,3.59427390334076,11.2839178675716,1.7794440966802,0.0915116664958721
"139","Italy","IT",2015,11,35784.8211300005,-0.00682155159046871,127.675443957044,-3.10477270020069,231.395122149243,1.64302626401137,10.4852790916972,0.98187842630191,-0.243670579325435
"140","Italy","IT",2016,11,30181.4009212282,-0.156586508799805,128.363768141529,-2.72320092822488,258.067592916701,1.13820112178958,10.3149811501056,0.943998016587958,-0.46527149596249
"141","Italy","IT",2017,12,30821.0866115244,0.0211946984159452,127.458512030867,-2.64937995564135,242.879221012824,2.22231407000582,10.3359543649536,0.967279675386045,0.256776952331698
"142","Italy","IT",2018,12,32352.597556047,0.0496903617911348,127.102517767796,-2.59086576879539,256.601434204211,2.40132137493462,10.3844495921011,0.945996621931326,-0.764330142349413
"143","Italy","IT",2019,12,34480.5471233124,0.0657736852065431,127.625443957044,-2.33477270020069,220.705122149243,2.34302626401137,10.4481505924972,0.931279621139163,-0.189216762702379
"144","Italy","IT",2020,12,33044.0080227067,-0.04166230586389,128.76988130681,-2.20732248371794,228.746719550979,2.43335246336892,10.405595528471,0.90804391575569,-1.09878555800146
"145","Kazakhstan","KZ",2015,12,12729.6670314193,-0.078954855671812,-21.2226448308791,-1.14377101721962,-25.4501251349589,1.96668467260487,9.45169053499722,-0.0102168723834367,-1.4436751470281
"146","Kazakhstan","KZ",2016,11,10299.7617337521,-0.190885220459396,-35.7323594507216,-9.1013834203859,-46.3353988263416,-4.02853542741708,9.23987604130474,-0.0933389245719565,-0.833516791916318
"147","Kazakhstan","KZ",2017,11,7544.06879128243,-0.267549193243891,-22.2002127779855,-4.69471998500679,-52.7681852053149,-6.82366649897536,8.92851694294648,-0.39234102539657,-3.48654111926776
"148","Kazakhstan","KZ",2018,11,8843.27478891481,0.172215555501519,-0.16119297915016,-4.72693463699554,12.2229824166956,-3.97076169547484,9.08741253826628,-0.320636798579048,1.85513790123628
"149","Kazakhstan","KZ",2019,11,9300.93697585472,0.0517525688010503,-14.2977524261253,-1.66682152679186,-30.1982563622959,-0.681001048988297,9.1378704241583,-0.339416882637161,-0.443671106430484
"150","Kazakhstan","KZ",2020,11,8684.85448258376,-0.0662387558232373,-13.6919739372446,-1.85896703694364,-35.2301462527846,-3.11359753917676,9.06933592350706,-0.417684475395102,-1.69967667789155
"151","Korea","KR",2015,17,28972.8205209857,0.0695938488131251,10.3505797696573,0.262949296436015,-14.6801167008957,4.99617518755306,10.2741134460859,0.779189993949553,1.02757064128653
"152","Korea","KR",2016,18,28394.41574617,-0.0199637026846164,11.7599299296655,0.134506960884898,-25.4871617093961,6.46389360891229,10.2539477761594,0.885108729466348,1.00156802183796
"153","Korea","KR",2017,18,28825.1644927217,0.0151701922801413,12.8152648958294,0.886464173947002,-34.3791960136447,5.59520133843858,10.2690040517202,0.902603953131745,0.178674373049486
"154","Korea","KR",2018,18,31127.6518794313,0.0798776842120354,10.0870540760513,0.696514956693065,-37.2842902033967,3.71684807814195,10.3458518310832,0.908303624713068,-0.118954901483617
"155","Korea","KR",2019,18,32942.3047858799,0.0582971344410248,8.99378053630541,0.366253458362721,-36.0553103378162,3.72462037791266,10.402512970497,0.887020715206205,-0.324900738455161
"156","Korea","KR",2020,18,31724.1436552865,-0.0369786248567391,7.49908302155332,0.138567346882559,-43.5501166271765,2.47307580674967,10.3648332994771,0.867602938521172,-0.9842701446586
"157","Latvia","LV",2015,14,15763.6197276008,0.0471709026595108,33.7306727947093,-1.67780610188723,55.3032511698618,-2.62569290304454,9.66546001518714,0.19497086399782,0.654544087902186
"158","Latvia","LV",2016,14,13664.4307711688,-0.133166683332033,34.4800800867688,-1.70418094288407,57.8867128944135,-1.38637260564319,9.52255144152445,0.179406161098899,-0.213826466593427
"159","Latvia","LV",2017,14,14136.5412150011,0.03455031912697,33.9526052899038,-0.26520385434629,56.2757278051209,0.966416146164298,9.55651829955703,0.214324415792014,0.429921173937967
"160","Latvia","LV",2018,15,15570.7764744009,0.101455882141656,33.9312197907244,-0.795797541665897,60.4582180093575,0.6067514833936,9.6531511334883,0.231840410813034,0.342365731466476
"161","Latvia","LV",2019,15,17833.0998738082,0.145292908361163,30.3604381098208,-1.02750261885943,52.5369694185618,-1.10768519502523,9.78881155294197,0.291859264630045,1.25389312643961
"162","Latvia","LV",2020,15,17994.2798397502,0.00903824725272373,31.1555804870679,-1.02269875358878,52.2558318982531,-1.14941056018347,9.79780919969287,0.305047620109827,0.140836608409175
"163","Lithuania","LT",2015,14,16434.0989493147,0.0575858660636563,35.161214883406,-0.855905926953604,41.821938160094,3.10671618931979,9.70711365948522,0.234952328975694,0.827806685763182
"164","Lithuania","LT",2016,14,14068.0412480808,-0.143972462897487,38.48513997049,-0.624861523684602,51.894162856318,-2.94911399868425,9.55166092563968,0.207493036478471,-0.329841829898762
"165","Lithuania","LT",2017,14,14797.5665952479,0.0518569240950013,37.7046067745071,-0.111174491887579,52.8940956937857,-1.61277532122635,9.60221802699388,0.258471526329014,0.654286533712176
"166","Lithuania","LT",2018,15,16678.6408751475,0.127120514565123,34.3627312559195,0.167968394885439,46.9539029100725,0.0790508551643541,9.72188419028757,0.298962307275737,0.89105031173781
"167","Lithuania","LT",2019,15,18935.5122798182,0.135315066830994,31.7252097184227,0.325392919131191,35.7080811469417,-0.121774898562337,9.84879439462101,0.350030020053098,1.07281588230606
"168","Lithuania","LT",2020,15,19111.5588476049,0.00929716424806371,31.2031332360081,-0.620134130169294,36.12169406868,-0.0886081505336909,9.85804860625729,0.364812273064882,0.1471670964799
"169","Malaysia","MY",2015,14,11166.4029492373,0.0112097738812305,47.3472357494331,-3.20631369759912,16.7224700123687,4.02080688844616,9.32066481237996,-0.135982586963772,0.0562972816139727
"170","Malaysia","MY",2016,14,9318.71212404791,-0.165468757807599,59.7653904124554,-5.07988454463687,57.3690528587787,0.603633890598672,9.1397797140163,-0.189918893470567,-0.560635031685732
"171","Malaysia","MY",2017,14,9320.11617669332,0.000150670245707474,52.8235051169264,-4.0660752896388,47.4361497992079,1.09395376151614,9.13993037291239,-0.188110221731291,-0.0160409088395497
"172","Malaysia","MY",2018,14,9985.75931502489,0.0714200473161626,55.7554439570435,-3.09477270020069,27.3851221492433,2.53302626401137,9.20891528852944,-0.201982174401406,-0.299770853714287
"173","Malaysia","MY",2019,14,10895.9281112938,0.091146678740736,57.6671824967464,-4.48944603395136,37.5614047751821,1.16883412706028,9.2961444306522,-0.185924346040633,0.27125073727724
"174","Malaysia","MY",2020,14,11090.7060207497,0.0178762109538917,61.0475985350986,-4.02061833852635,35.342989254336,1.11811578240073,9.31386274114486,-0.175084801397665,0.35692371271949
"175","Mexico","MX",2015,13,10827.3490705749,0.0179920422055948,42.4395458181158,-3.01630954170489,50.4524141258043,-2.57041734786568,9.28983053353883,-0.165579028292717,0.169126619910253
"176","Mexico","MX",2016,13,9583.482992231,-0.11488186722679,43.6841637156484,-3.0163804948607,50.6380840600851,-3.03396976226909,9.16779637401607,-0.162886451574633,-0.0175130427842868
"177","Mexico","MX",2017,13,8650.80682390972,-0.0973212107829032,46.6305179497939,-3.41675817428367,50.6372173288782,-3.05863529156378,9.06540787001656,-0.260100873697048,-1.27968064033224
"178","Mexico","MX",2018,13,9231.07720906278,0.0670770249486179,43.2859065579199,-1.29210531774379,48.4136586568211,-2.35971952347269,9.1303310280612,-0.27872435407998,-0.392620397223289
"179","Mexico","MX",2019,13,9735.87039994347,0.0546841045143787,41.2716756064713,-2.03565128925483,39.7998780513784,-2.04448097002549,9.18357232315143,-0.29509564152418,-0.390469779626133
"180","Mexico","MX",2020,13,9957.50476038082,0.0227647196740253,42.5335426626298,-2.49647194174951,37.4608829293238,-1.68928284699627,9.20608179312556,-0.282016315516281,0.476447137961641
"181","Mongolia","MN",2015,6,4059.59557914686,-0.0459123566220345,59.1042194290946,-11.5603489231875,139.975338289927,-16.2388732744918,8.3088386365867,-1.10718915226892,-0.893982459398954
"182","Mongolia","MN",2016,5,3844.16603567392,-0.0530667499441421,67.3254439570435,-8.68477270020069,180.075122149243,-8.32697373598863,8.25431196262093,-1.04428038911325,0.64615987834727
"183","Mongolia","MN",2017,5,3597.71739888032,-0.0641097794701271,94.7454439570435,-15.4447727002007,253.915122149243,-6.50697373598863,8.18805486747919,-1.10764640964171,-0.849122784018319
"184","Mongolia","MN",2018,6,3593.19764083402,-0.00125628490100416,86.208762461937,-3.94592377401273,226.845250421113,-10.3820513923623,8.18679779279078,-1.20014038118754,-1.85351930334234
"185","Mongolia","MN",2019,6,4022.02454145194,0.119344089438504,75.8963155374607,2.37313536576759,192.30358155863,-17.2417775700738,8.29954067211705,-1.15242062845509,0.782975583318866
"186","Mongolia","MN",2020,6,4093.24416524738,0.0177074065713498,67.4663509805052,1.25503893954193,188.901559951634,-15.4047366191112,8.3170931290614,-1.16399875888506,0.352796466732551
"187","Netherlands","NL",2015,20,53140.4670531781,0.0166450997729495,62.0754439570435,-2.30477270020069,220.285122149243,7.91302626401137,10.8806940083828,1.36141947029949,0.146718980440637
"188","Netherlands","NL",2016,20,45080.2329370326,-0.151677893761821,59.9807201808251,-2.28776618571166,220.592651570078,5.88671285743876,10.7161991353327,1.33112131655818,-0.412570554442417
"189","Netherlands","NL",2017,20,46007.6044987616,0.0205715787454843,57.3578045661156,-0.217230006548186,211.623752884416,7.69503715728583,10.7365619769987,1.35427691853936,0.248698737724986
"190","Netherlands","NL",2018,20,48928.9155008307,0.063496264017566,51.9554439570435,1.10522729979931,205.535122149243,10.5630262640114,10.7981238197381,1.3499739796943,-0.469173541491574
"191","Netherlands","NL",2019,20,53132.1402864282,0.0859047199917229,47.6599772632614,1.30724211705081,178.516613548442,10.5755029860773,10.8805373025867,1.35060389549386,0.176119997701653
"192","Netherlands","NL",2020,20,51900.6569271943,-0.0231777480183396,45.3585137586544,0.936743355935284,181.242056220875,9.00091168165716,10.8570867266306,1.35597686047049,-0.646840436437583
"193","Norway","NO",2015,20,97300.0287544183,-0.0561889169445742,-174.790633497861,8.40465461955519,-231.153848922933,10.2029907350635,11.4855545636974,1.94199798909011,-1.06494259333949
"194","Norway","NO",2016,20,74520.8118898485,-0.234113156554802,-203.609445035846,5.82274455972643,-288.314323538546,7.60644789911347,11.2188337195817,1.8160984763519,-1.29762997141164
"195","Norway","NO",2017,20,70436.7947191319,-0.054803712776953,-205.247493272442,3.78989418929275,-326.727926111946,3.61380618237364,11.1624710578714,1.76571603046811,-0.728477573386096
"196","Norway","NO",2018,20,75396.6504046283,0.0704156926117085,-219.56132037576,4.7306536609277,-364.17072944527,4.26474928722724,11.2305181286675,1.77223260438745,-0.321242968738736
"197","Norway","NO",2019,20,81670.748575936,0.0832145478298663,-196.761240768521,7.87856425956323,-281.826810584345,6.8297139274143,11.3104511821721,1.76753004374402,0.127298921535943
"198","Norway","NO",2020,20,76809.4499112158,-0.0595231309800006,-195.846919064761,6.72779681030074,-294.392536572608,6.531203849543,11.2490829572852,1.74488372428079,-1.53548049253975
"199","Paraguay","PY",2015,9,6269.22285484914,0.0529837748612281,4.96544395704352,-0.704772700200686,-12.0948778507567,-0.38697373598863,8.74340767934992,-0.690065818728827,0.751246620558481
"200","Paraguay","PY",2016,9,5785.08117544086,-0.0772251506474685,7.37544395704352,-1.97477270020069,-4.68487785075669,-0.65697373598863,8.66303767158479,-0.649913109821948,0.386785196724787
"201","Paraguay","PY",2017,9,5696.86099370441,-0.0152496013558066,9.23544395704352,-0.554772700200687,-6.47487785075669,3.36302626401137,8.64767059927125,-0.663645807143397,-0.215692283842147
"202","Paraguay","PY",2018,9,5874.91957183389,0.0312555595662685,11.2754439570435,-1.00477270020069,-7.17487785075669,2.85302626401137,8.67844764901804,-0.720015208783747,-1.15844806908375
"203","Paraguay","PY",2019,9,5683.34949372028,-0.0326081192723124,19.9209959837108,-2.79507265994228,26.4371741862835,-1.77695195967444,8.64529603750936,-0.817110559217851,-1.97464359816085
"204","Paraguay","PY",2020,9,5511.93069798706,-0.0301615791748556,16.9800999135436,-3.32247998541975,7.96973448155248,-1.52864601402749,8.61467023968032,-0.86876688729468,-0.817594232518945
"205","Peru","PE",2015,13,6375.59644831336,-0.0377353241470201,7.92641129644158,-1.07216580581521,19.1256079204093,-5.44838348277202,8.76023292616986,-0.673916018925917,-0.757949922899517
"206","Peru","PE",2016,13,5961.25696483646,-0.0649883484370322,13.3042523071405,-3.48275522468123,44.0488903988476,-6.5300778784743,8.69303663796343,-0.620967999463494,0.518164616926729
"207","Peru","PE",2017,13,6081.26941172794,0.0201320707359856,9.53592684162142,-2.662168046969,26.3700144470212,-3.05781192874276,8.71296873799137,-0.600566127906334,0.243000891564113
"208","Peru","PE",2018,13,6631.47116933183,0.0904748203628027,10.9404752801077,-3.18777093569369,20.2448994229558,-1.64082346577644,8.79958195439149,-0.601720392839449,0.107601438970543
"209","Peru","PE",2019,13,6791.58307366765,0.0241442509885714,16.8888676749708,-3.0745449854096,35.7466408182171,-2.74893020379172,8.82343934119357,-0.644348978425805,-0.944705131628305
"210","Peru","PE",2020,13,6933.66302015675,0.0209200042093234,16.494300007502,-2.59946301583789,28.879889339753,-2.18855642175878,8.84414352687493,-0.641102105156173,0.431344076156668
"211","Philippines","PH",2015,12,2865.92781579618,0.0120433438957921,27.8454439570435,0.895227299799314,-18.2448778507567,3.52302626401137,7.96064742167742,-1.44140228293472,0.0701644936835313
"212","Philippines","PH",2016,12,2790.42189354404,-0.0263460656042941,37.7789543477332,-0.978467211101064,11.4632868732768,0.373626396819099,7.9339480797074,-1.35338997071527,0.933044307432373
"213","Philippines","PH",2017,12,2892.84033408456,0.0367035682946282,33.9026427470657,-1.64701911293718,-7.93605676723474,-1.62467810855053,7.96999411302258,-1.31829869950671,0.457836211293794
"214","Philippines","PH",2018,12,3010.10602754917,0.0405365246339187,29.7354439570435,-0.624772700200686,-23.2648778507567,-0.93697373598863,8.00973058222192,-1.37305698824973,-0.960030170918174
"215","Philippines","PH",2019,13,3089.63767378192,0.0264215431299974,30.257766408344,-1.68519267239717,-14.9506442930336,-3.04008524236911,8.03580910534082,-1.40818484433486,-0.903376976254263
"216","Philippines","PH",2020,13,3374.29708382541,0.0921335897924385,30.6643071308242,-2.27531670004494,-8.625674819359,-2.85928518295424,8.12394231015598,-1.35562733423503,2.17250731426508
"217","Poland","PL",2015,14,14347.3285444026,0.046014663303787,47.4854439570435,-3.80477270020069,56.9051221492433,-2.34697373598863,9.57131903970394,0.104609163894703,0.635308971392598
"218","Poland","PL",2016,13,12499.4200454641,-0.128798089011454,50.0949242827431,-2.90246499072061,60.1412644620036,-0.97148348310262,9.43343752585118,0.0934227945028635,-0.166923413077878
"219","Poland","PL",2017,13,12349.6876373652,-0.0119791484368308,52.2159165051118,-2.69585001859242,53.1669520217508,-0.994363085146172,9.42138604921522,0.0837831909849823,-0.173293653541979
"220","Poland","PL",2018,14,13811.6891719732,0.118383685283231,48.7093183739263,-1.69552472341637,53.0956617939184,-0.362800134794307,9.53327055405547,0.114769932424758,0.704265501094893
"221","Poland","PL",2019,14,15355.4635813298,0.111773034430083,46.4385694240654,-0.493401838315793,40.0119213718702,-1.38535135498535,9.63922662332311,0.146793307228526,0.645576550475619
"222","Poland","PL",2020,14,15286.4093789036,-0.00449704445980414,46.2956123807825,-1.94707521237135,43.171438626358,-1.51693738004985,9.63471943674107,0.143243186115061,-0.190099576785729
"223","Portugal","PT",2015,10,21960.234040987,0.0260563250076231,121.717201220672,-7.60513132131707,265.524382862099,-0.214951303957446,9.99698855317082,0.51319023841095,0.303283460788736
"224","Portugal","PT",2016,10,19076.3594915466,-0.13132257807717,123.712660980155,-4.80050427484008,272.047593417488,-0.273923126132272,9.85620512446735,0.501338675452555,-0.194027382240431
"225","Portugal","PT",2017,11,19929.8347144103,0.0447399422956949,121.178913344403,-2.0766589574749,245.307905053441,0.790351706339304,9.89997311986639,0.54611059411478,0.562020940035225
"226","Portugal","PT",2018,11,21482.9825069832,0.0779307914405265,116.645443957044,-3.11477270020069,255.195122149243,0.96302626401137,9.97501638940218,0.54616087593489,-0.16057755266922
"227","Portugal","PT",2019,12,23118.0240923256,0.0761086867156806,116.533101534647,-0.987380643782406,225.271612483101,-0.329456532455194,10.0483678559994,0.543574351828789,-0.00165780160522072
"228","Portugal","PT",2020,12,22393.3873229075,-0.0313450996730589,116.127929083431,-1.04007658828075,240.041050605785,-1.93867342042768,10.0165209854617,0.522035713438302,-0.846531160299588
"229","Romania","RO",2015,11,10004.9968484148,0.0560928173287514,32.9607550433062,-1.35007675708184,50.4057304293458,-0.934167526391271,9.21083993201676,-0.241398563931332,0.802968432136698
"230","Romania","RO",2016,11,8920.99409513642,-0.108346136405841,32.7784738444479,-0.843343786382303,43.1797891081469,-1.59003049918228,9.09616266500755,-0.232003686697554,0.0526572934756219
"231","Romania","RO",2017,11,9423.87028592701,0.056369972385113,32.5148238972356,-3.1595847897724,37.4722200584718,-2.80192742964162,9.15100114156988,-0.177415574846859,0.712794352268138
"232","Romania","RO",2018,11,10647.7018183967,0.129865065555636,31.6457392663672,-3.17411502878504,39.3114737626527,-3.90579317968749,9.27309935615135,-0.139302635005177,0.949726110534206
"233","Romania","RO",2019,11,12165.5096783209,0.142547930606186,31.5982141753765,-3.33671477816332,37.7101089345842,-5.13500640662993,9.40636015144814,-0.0790382506385111,1.20407744179717
"234","Romania","RO",2020,11,12319.0962053923,0.0126247507200723,35.046258271448,-4.96134703344784,47.3117290355315,-6.41651368799376,9.41890587444462,-0.0708695249696397,0.228526168477841
"235","Russia","RU",2015,10,14240.2351235327,-0.108281979166377,0.6520851514065,-2.50285181608857,-24.2278193615665,2.47866715804949,9.56382669631369,0.0974175995092225,-1.93155910852489
"236","Russia","RU",2016,10,9337.48947382282,-0.344288251365166,5.00787534244741,-3.58670707188357,-45.8130504875559,4.63716434113815,9.141792702139,-0.187976621106036,-2.48051581265984
"237","Russia","RU",2017,10,8719.01856678248,-0.0662352454344594,9.78902486193449,-4.74327518424165,-48.9949684980133,1.47751794235158,9.07326196088793,-0.252513620176885,-0.876677635859922
"238","Russia","RU",2018,11,10674.4906167984,0.224276624145038,11.2698020955957,-1.80606880077789,-47.0902132638896,1.55137097019598,9.27561211956238,-0.136848772870069,2.968152306657
"239","Russia","RU",2019,11,11224.1512047343,0.0514929103100152,7.06730122342795,2.55697782971143,-52.3520808325389,6.31118978805243,9.32582309324664,-0.157142278123569,-0.448383372488262
"240","Russia","RU",2020,11,11354.0975496329,0.0115773872365326,4.98605659535687,1.0410880075158,-65.4845411995143,4.20606921982004,9.33733397534718,-0.151798546659615,0.202918262633132
"241","Slovakia","SK",2015,16,18706.750399638,0.0289976510795495,49.2954439570435,-3.26477270020069,35.8851221492433,0.88302626401137,9.83663972164151,0.359278586739971,0.352215154218921
"242","Slovakia","SK",2016,16,16243.9535720336,-0.13165284055172,47.8252020758696,-2.93865606282195,41.447639022207,-2.4943931691031,9.69547603064116,0.346255953604988,-0.197573218127509
"243","Slovakia","SK",2017,16,16432.6363646115,0.0116155707870704,47.6951829925435,-2.78221571169846,44.1786589152752,-3.18570224006507,9.70702465857349,0.359717424474692,0.132591739764265
"244","Slovakia","SK",2018,16,17498.1118609494,0.0648389870436419,45.9836007007526,-1.19240644377717,48.259246743988,-2.28151257344943,9.76984826043063,0.345802059499688,-0.440467444796831
"245","Slovakia","SK",2019,16,19370.8918804189,0.107027548706496,43.8895282824638,-1.33149869338395,44.8255711690783,-3.04792239798281,9.87152679976121,0.372075677487342,0.559455772318934
"246","Slovakia","SK",2020,16,19154.2456472959,-0.0111841124539035,44.4890413557646,-1.22293605747253,49.4358262809984,-3.62905646681452,9.86027967485554,0.367025758357948,-0.353597550756833
"247","Slovenia","SI",2015,14,24313.5405345206,0.0339655411335147,62.1054439570435,-5.66477270020069,77.6251221492433,4.85302626401137,10.09878869778,0.610903631441086,0.434860623361443
"248","Slovenia","SI",2016,15,20817.9467740874,-0.143771482210503,62.5177480808437,-3.0892266244419,79.4166895682643,3.45250814582948,9.94357071934659,0.585635139317122,-0.327684017287785
"249","Slovenia","SI",2017,16,21539.920668847,0.0346803602965413,62.8664084269393,-2.20087988200756,71.2751295968041,4.40284537920904,9.97766326773456,0.621161272487244,0.431607046692919
"250","Slovenia","SI",2018,16,23446.2184297937,0.0885006862492161,59.7607103079458,-0.219525864283267,65.2821723275099,5.80050032619489,10.0624644998809,0.631559129566343,0.0653963947041719
"251","Slovenia","SI",2019,17,26088.8500998507,0.112710357875834,53.2071790592582,0.571389648661473,48.4772594857529,5.35467911532943,10.1692633027958,0.660817537888244,0.66258703775438
"252","Slovenia","SI",2020,17,25960.3164472721,-0.00492676572890705,49.8968988981088,0.548928744421055,47.8830826317347,4.68757374840762,10.1643243605462,0.668674233325892,-0.200606207932984
"253","Spain","ES",2015,13,29551.9363363808,0.0175868903827121,89.6854439570435,-6.07477270020069,246.775122149243,1.44302626401137,10.2939045481453,0.798186585176992,0.162386542712014
"254","Spain","ES",2016,13,25569.2965648775,-0.134767472634283,89.8532362727124,-5.50337494868572,260.143976817143,1.55862297482121,10.1491475577339,0.783990115923856,-0.231013209238959
"255","Spain","ES",2017,13,26384.2596667109,0.031872722808997,90.8123549688788,-4.61950897521566,243.954147369512,2.72541761572001,10.180522886576,0.817128874894958,0.395208423382798
"256","Spain","ES",2018,14,28168.1090247208,0.0676103624109099,88.7311586309495,-3.20506242745866,260.792789681263,2.38245770671565,10.2459457313443,0.810739407508974,-0.381218167227855
"257","Spain","ES",2019,15,30279.1201663263,0.0749433034270368,87.7408835346932,-2.81176746181904,232.11010750659,1.53174421940423,10.318213650535,0.805268084177482,-0.0228071046512598
"258","Spain","ES",2020,15,29561.9574899845,-0.0236850566463744,87.8659468892371,-2.43761470320472,234.770391705593,0.993963091949041,10.2942435937757,0.797569558312976,-0.659244068782124
"259","Switzerland","CH",2015,20,86122.1481718279,0.0199854509151791,21.7854439570435,-0.364772700200687,26.0851221492433,8.37302626401137,11.3635218951039,1.82486430372487,0.202288826844541
"260","Switzerland","CH",2016,20,81403.9260058739,-0.0547852354604574,21.7592612275331,0.422648870683668,29.7086543350414,10.910410197298,11.3071787818579,1.90133999917422,0.627709499982374
"261","Switzerland","CH",2017,20,79502.4447082765,-0.023358594491624,20.4870147633742,0.113104086139472,32.0012725540582,9.1209955224985,11.2835430512171,1.88267468586829,-0.320818457674914
"262","Switzerland","CH",2018,20,80076.3099045456,0.00721820817428753,19.9144809113922,1.05872651209469,16.0077401708702,6.24077606710601,11.2907353328143,1.83103826690618,-1.67234298258674
"263","Switzerland","CH",2019,20,82337.5440075748,0.0282384903315931,18.1161701035622,1.18751037973927,19.299213260413,10.1796258020591,11.3185824674267,1.77541568224627,-0.870403132060978
"264","Switzerland","CH",2020,20,82569.9110105398,0.00282212696244177,17.3230394015276,0.575822926958504,19.3308110654398,10.4587576363752,11.3214006196652,1.81663144294465,-0.0111467532552451
"265","Turkey","TR",2015,10,11993.3481469868,-0.0310295762754195,26.1758190078804,-1.01474591063326,123.998971428698,-5.01907057332519,9.39210745399297,-0.0674079995126283,-0.646393573467516
"266","Turkey","TR",2016,9,10875.8576181261,-0.0931758600821947,24.9732370214724,-1.24593535506962,129.620978866635,-4.16802870334549,9.29430071428436,-0.0408261764414178,0.21553171715504
"267","Turkey","TR",2017,9,10673.1832302455,-0.0186352557193055,27.5745775284789,-2.32698807125913,141.419627113804,-4.63686622891301,9.27548963440883,-0.0571564931807655,-0.259584402529823
"268","Turkey","TR",2018,7,10422.3772794294,-0.023498701877935,26.7654877760691,-2.54411793589602,144.65505363961,-6.29933939638601,9.25171043510462,-0.160190181853856,-2.32904028575268
"269","Turkey","TR",2019,7,9342.05685340926,-0.103653935858989,28.3743333295643,-3.10793639425871,124.647050091326,-3.9626704062306,9.14228172682916,-0.335138845758943,-3.26397863478518
"270","Turkey","TR",2020,7,9018.53999512925,-0.0346301530119616,29.7577167913388,-3.48499184263258,117.444222754791,-0.474596383463567,9.10703773688772,-0.380279794290523,-0.926850302526276
"271","Ukraine","UA",2015,5,2883.83654733638,-0.256986399271093,69.776094147465,-10.6366548790331,141.082055326684,-4.00311590842337,7.96687682111785,-1.43542296180309,-4.40539537092602
"272","Ukraine","UA",2016,5,2093.50919259418,-0.274054143419528,78.0168355092645,-3.571035624673,158.43211678862,1.20477284379217,7.6465969764666,-1.63064650315534,-1.72645309091143
"273","Ukraine","UA",2017,5,2147.01962205518,0.0255601597787531,82.6603686365252,-2.95257686134334,156.158835284468,-2.42745627538665,7.67183593712681,-1.60632715584644,0.313371432361494
"274","Ukraine","UA",2018,5,2590.17575356907,0.20640525450331,73.1271232106529,-2.19337480163568,132.955461386971,-3.20033255885259,7.85948101091218,-1.5197845839461,2.58608001398004
"275","Ukraine","UA",2019,6,3045.12635642507,0.175644684430816,61.6728536596426,-2.68299591783298,112.759283371464,-4.09921963296727,8.02129767564596,-1.42225788262363,1.80471526052875
"276","Ukraine","UA",2020,6,3487.39051683256,0.145236718822631,56.0546847497135,-3.12215301208351,104.439788214552,-3.92967768560226,8.15690903261393,-1.32292042626346,3.47087216050618
"277","United States","US",2015,19,54220.7502523631,0.040083725259014,81.7005424548621,-4.99608261146808,318.790803010021,-2.90887192365859,10.9008189601455,1.38073650888375,0.536642303684389
"278","United States","US",2016,19,56274.7188349523,0.0378815964926578,80.405032109555,-4.38573314138467,334.970263021377,-2.78562565013445,10.9380006694933,1.54513101952321,1.62261931748093
"279","United States","US",2017,19,57002.1523834799,0.0129264714882205,83.4407258899511,-5.45403760925464,349.97192735771,-3.14944957576005,10.9508443072174,1.56127915353885,0.149586448315427
"280","United States","US",2018,19,58903.3356433722,0.0333528328386996,84.1960422010611,-4.41773475742709,345.928181224503,-3.16693063319597,10.9836530003514,1.53115420114589,-1.11361043080354
"281","United States","US",2019,19,62268.9129982979,0.0571372965242991,83.0335265274476,-6.39809077066169,321.587430059502,-2.91481604409057,11.0392175914478,1.50449044063608,-0.345949404438406
"282","United States","US",2020,19,63432.1674063459,0.0186811420343858,88.4480621697113,-6.03558168272474,334.563389499758,-2.74694405228175,11.0577263840953,1.55503525399196,0.376604176708084
"283","Vietnam","VN",2015,8,2018.51492699273,0.034735757949429,49.7620948452118,-7.0599570184046,41.3825505712842,4.05605697853809,7.61011733535742,-1.77786039136828,0.447673896079081
"284","Vietnam","VN",2016,8,2002.33332476965,-0.00801658784222159,64.0536871099389,-9.39517587695002,82.2172548434248,-4.36598589226966,7.6020684419052,-1.67361076168051,1.12983723744571
"285","Vietnam","VN",2017,8,2165.06305612717,0.081270050967283,57.5645333465432,-5.00624905517709,57.6458129550712,-1.06861469401071,7.68020476524441,-1.59824265292499,1.03560261534541
"286","Vietnam","VN",2018,8,2384.80742150856,0.101495596056433,47.5079759156335,-4.91057752780519,36.8097314231016,-1.04480473842792,7.77687365436362,-1.60045555496814,0.343214775875189
"287","Vietnam","VN",2019,9,2532.57987291489,0.0619641024568989,48.4954089410637,-5.94272514756793,48.7412849059373,1.04502127715,7.83699377478241,-1.60099394848087,-0.258352832213854
"288","Vietnam","VN",2020,9,2681.32893938006,0.0587342054069033,46.2466272844806,-5.2223026017313,32.5143180666776,1.32626299952049,7.89406782350357,-1.58369015393281,1.35589655395343
